[{"model": "actas.configuracionencuentro", "pk": 20, "fields": {"organizador": "uchile", "descripcion": "Encuentro universitario"}}, {"model": "actas.lugar", "pk": 13, "fields": {"configuracion_encuentro": 20, "lugar": "campus bochef"}}, {"model": "actas.lugar", "pk": 14, "fields": {"configuracion_encuentro": 20, "lugar": "medicina"}}, {"model": "actas.lugar", "pk": 15, "fields": {"configuracion_encuentro": 20, "lugar": "piedragogico"}}, {"model": "actas.tema", "pk": 24, "fields": {"configuracion_encuentro": 20, "tema": "porte del miembro", "contexto": "chileno", "orden": 1}}, {"model": "actas.tema", "pk": 25, "fields": {"configuracion_encuentro": 20, "tema": "cervezas", "contexto": "opinon de cervezas", "orden": 1}}, {"model": "actas.tipoencuentro", "pk": 13, "fields": {"configuracion_encuentro": 20, "tipo": "Encuentro medicinal"}}, {"model": "actas.tipoencuentro", "pk": 14, "fields": {"configuracion_encuentro": 20, "tipo": "Encuentro catolico"}}, {"model": "actas.origen", "pk": 13, "fields": {"configuracion_encuentro": 20, "origen": "Beauchef"}}, {"model": "actas.origen", "pk": 14, "fields": {"configuracion_encuentro": 20, "origen": "Computacion"}}, {"model": "actas.origen", "pk": 15, "fields": {"configuracion_encuentro": 20, "origen": "leguleyo"}}, {"model": "actas.ocupacion", "pk": 13, "fields": {"configuracion_encuentro": 20, "ocupacion": "Vagabundo"}}, {"model": "actas.ocupacion", "pk": 14, "fields": {"configuracion_encuentro": 20, "ocupacion": "Dcciano"}}, {"model": "actas.ocupacion", "pk": 15, "fields": {"configuracion_encuentro": 20, "ocupacion": "Nazi"}}, {"model": "actas.itemtema", "pk": 30, "fields": {"tema": 24, "pregunta": "Cuantas cervezas crees que deberia portar un miembro de la universidad", "pregunta_propuesta": "\u00bfQue cervezas?\r\n\u00bfDeberia ser la misma para cervezas negras/rubias/etc?"}}, {"model": "actas.itemtema", "pk": 31, "fields": {"tema": 25, "pregunta": "\u00bfCrees que la mejor cerveza es la negra?", "pregunta_propuesta": "\u00bfCual de todas las cervezas deberia ser promocionada por el estado chileno?"}}, {"model": "actas.encuentro", "pk": 16, "fields": {"configuracion_encuentro": 20, "tipo_encuentro": 13, "lugar": 14, "fecha_inicio": "1990-01-01", "fecha_termino": "1990-01-01", "encargado": 64}}, {"model": "actas.encuentro", "pk": 17, "fields": {"configuracion_encuentro": 20, "tipo_encuentro": 14, "lugar": 13, "fecha_inicio": "1990-01-01", "fecha_termino": "1990-01-01", "encargado": 69}}, {"model": "actas.respuesta", "pk": 1, "fields": {"item_tema": 30, "encuentro": 16, "categoria": 1, "fundamento": "asdasdasdasd", "propuesta": "asdasdasd"}}, {"model": "actas.respuesta", "pk": 2, "fields": {"item_tema": 31, "encuentro": 16, "categoria": 2, "fundamento": "asdasdasd", "propuesta": "asdsadad"}}, {"model": "actas.respuesta", "pk": 3, "fields": {"item_tema": 30, "encuentro": 17, "categoria": 0, "fundamento": "asdasdas", "propuesta": "asdasdasd"}}, {"model": "actas.respuesta", "pk": 4, "fields": {"item_tema": 31, "encuentro": 17, "categoria": 0, "fundamento": "asdasd", "propuesta": "asdasd"}}, {"model": "actas.participante", "pk": 64, "fields": {"rut": "18121722-7", "nombre": "Nicolas", "apellido": "Varas", "correo": "email@gmail.com", "numero_de_carnet": "108526518"}}, {"model": "actas.participante", "pk": 65, "fields": {"rut": "18257283-7", "nombre": "Nico", "apellido": "delgado", "correo": "ssada@gmail.com", "numero_de_carnet": ""}}, {"model": "actas.participante", "pk": 66, "fields": {"rut": "13146045-7", "nombre": "random", "apellido": "random", "correo": "sdad@gmasda.cl", "numero_de_carnet": ""}}, {"model": "actas.participante", "pk": 67, "fields": {"rut": "18896223-8", "nombre": "asd", "apellido": "dsadsa", "correo": "dsad@gmail.com", "numero_de_carnet": ""}}, {"model": "actas.participante", "pk": 68, "fields": {"rut": "18121722-7", "nombre": "Nicolas", "apellido": "Varas", "correo": "email@gmail.com", "numero_de_carnet": "108526518"}}, {"model": "actas.participante", "pk": 69, "fields": {"rut": "18121722-7", "nombre": "Nicolas", "apellido": "Varas", "correo": "sparkscs@gmail.com", "numero_de_carnet": "108526518"}}, {"model": "actas.participante", "pk": 70, "fields": {"rut": "23000888-4", "nombre": "fsdfsd", "apellido": "fsdfsd", "correo": "sasdasd@gmail.com", "numero_de_carnet": ""}}, {"model": "actas.participante", "pk": 71, "fields": {"rut": "19927892-4", "nombre": "dfsfd", "apellido": "fddfs", "correo": "asa@gma.com", "numero_de_carnet": ""}}, {"model": "actas.participante", "pk": 72, "fields": {"rut": "10645994-0", "nombre": "asdsad", "apellido": "sdasdasd", "correo": "asdasd@gmax.cl", "numero_de_carnet": ""}}, {"model": "actas.participante", "pk": 73, "fields": {"rut": "18121722-7", "nombre": "Nicolas", "apellido": "Varas", "correo": "sparkscs@gmail.com", "numero_de_carnet": "108526518"}}, {"model": "actas.participa", "pk": 31, "fields": {"participante": 65, "encuentro": 16, "ocupacion": 15, "origen": 13}}, {"model": "actas.participa", "pk": 32, "fields": {"participante": 66, "encuentro": 16, "ocupacion": 13, "origen": 13}}, {"model": "actas.participa", "pk": 33, "fields": {"participante": 67, "encuentro": 16, "ocupacion": 15, "origen": 14}}, {"model": "actas.participa", "pk": 34, "fields": {"participante": 68, "encuentro": 16, "ocupacion": 13, "origen": 14}}, {"model": "actas.participa", "pk": 35, "fields": {"participante": 70, "encuentro": 17, "ocupacion": 14, "origen": 14}}, {"model": "actas.participa", "pk": 36, "fields": {"participante": 71, "encuentro": 17, "ocupacion": 14, "origen": 14}}, {"model": "actas.participa", "pk": 37, "fields": {"participante": 72, "encuentro": 17, "ocupacion": 15, "origen": 15}}, {"model": "actas.participa", "pk": 38, "fields": {"participante": 73, "encuentro": 17, "ocupacion": 14, "origen": 14}}]